{
  "version": 2,
  "name": "manetka-wallet",
  "alias": ["manetka-wallet"],
  
  "build": {
    "env": {
      "NEXT_PUBLIC_APP_NAME": "MANETKA WALLET",
      "NEXT_PUBLIC_APP_VERSION": "1.0.0"
    }
  },
  
  "functions": {
    "pages/api/**/*.ts": {
      "runtime": "nodejs18.x",
      "maxDuration": 10
    }
  },
  
  "headers": [
    {
      "source": "/(.*)",
      "headers": [
        {
          "key": "X-Frame-Options",
          "value": "DENY"
        },
        {
          "key": "X-Content-Type-Options",
          "value": "nosniff"
        },
        {
          "key": "Referrer-Policy", 
          "value": "origin-when-cross-origin"
        },
        {
          "key": "Permissions-Policy",
          "value": "camera=(), microphone=(), geolocation=()"
        }
      ]
    },
    {
      "source": "/api/(.*)",
      "headers": [
        {
          "key": "Access-Control-Allow-Origin",
          "value": "*"
        },
        {
          "key": "Access-Control-Allow-Methods",
          "value": "GET, POST, PUT, DELETE, OPTIONS"
        },
        {
          "key": "Access-Control-Allow-Headers",
          "value": "Content-Type, Authorization"
        },
        {
          "key": "Cache-Control",
          "value": "s-maxage=300, stale-while-revalidate=86400"
        }
      ]
    },
    {
      "source": "/manifest.json",
      "headers": [
        {
          "key": "Content-Type",
          "value": "application/manifest+json"
        },
        {
          "key": "Cache-Control",
          "value": "public, max-age=31536000, immutable"
        }
      ]
    },
    {
      "source": "/sw.js",
      "headers": [
        {
          "key": "Content-Type",
          "value": "application/javascript"
        },
        {
          "key": "Cache-Control",
          "value": "public, max-age=0, must-revalidate"
        }
      ]
    },
    {
      "source": "/favicon.svg",
      "headers": [
        {
          "key": "Content-Type",
          "value": "image/svg+xml"
        },
        {
          "key": "Cache-Control",
          "value": "public, max-age=31536000, immutable"
        }
      ]
    }
  ],
  
  "rewrites": [
    {
      "source": "/api/:path*",
      "destination": "/api/:path*"
    }
  ],
  
  "redirects": [
    {
      "source": "/app",
      "destination": "/",
      "permanent": true
    },
    {
      "source": "/wallet",
      "destination": "/?screen=wallet",
      "permanent": false
    },
    {
      "source": "/nft",
      "destination": "/?screen=nft", 
      "permanent": false
    },
    {
      "source": "/refs",
      "destination": "/?screen=refs",
      "permanent": false
    }
  ],
  
  "trailingSlash": false,
  "cleanUrls": true,
  
  "crons": [
    {
      "path": "/api/health",
      "schedule": "*/5 * * * *"
    }
  ]
}